Location Name,Lat,Long,Safety Score,Last Incident Date,Most Common Issue,Safe Time,Risk Time
MG Road,12.950835,77.618196,76,2025-03-23,Kidnapping,6AM–9PM,9PM–2AM
Cubbon Park,12.947378,77.633978,69,2025-03-17,Snatching,7AM–10PM,9PM–2AM
Majestic,12.93424,77.582319,66,2025-03-21,Drunk Driving,5AM–7PM,8PM–12AM
Koramangala,12.924453,77.639377,88,2025-03-14,Harassment,6AM–9PM,10PM–3AM
Indiranagar,13.018179,77.636196,40,2025-03-20,Kidnapping,7AM–10PM,8PM–12AM
Whitefield,12.981906,77.549074,70,2025-04-08,Kidnapping,5AM–7PM,8PM–12AM
Commercial Street,12.934971,77.544687,69,2025-04-05,Scam,6AM–9PM,10PM–3AM
Jayanagar,12.93585,77.615452,73,2025-03-19,Pickpocketing,5AM–7PM,9PM–2AM
Hebbal,12.946606,77.578549,90,2025-03-24,Scam,6AM–9PM,9PM–2AM
Electronic City,13.002889,77.567652,41,2025-03-31,Harassment,5AM–7PM,10PM–3AM
